payment_id,student_id,payment_date,amount,payment_mode
1,1,2026-01-10,10000,UPI
2,1,2026-02-10,8000,UPI
3,2,2026-01-15,15000,Cash
4,2,2026-02-15,8000,UPI
5,3,2026-01-05,20000,Card
6,3,2026-02-05,12000,UPI
7,4,2026-01-12,10000,UPI
8,5,2026-01-20,15000,Cash
9,5,2026-02-20,8000,Card
10,6,2026-01-18,15000,UPI
11,7,2026-01-22,12000,Card
12,8,2026-01-25,10000,Cash
13,9,2026-01-28,18000,UPI
14,10,2026-02-01,12000,Card
15,11,2026-02-03,15000,UPI
16,12,2026-02-05,10000,Cash
17,13,2026-02-08,20000,UPI
18,14,2026-02-10,15000,Card
19,15,2026-02-12,10000,UPI
20,16,2026-02-15,12000,Cash
21,17,2026-02-18,15000,UPI
22,18,2026-02-20,20000,Card
23,19,2026-02-22,8000,Cash
24,20,2026-02-25,15000,UPI
