student_id,student_name,gender,age,city,course_id
1,Rahul,Male,21,Delhi,101
2,Aman,Male,22,Noida,102
3,Priya,Female,20,Delhi,101
4,Neha,Female,23,Gurgaon,103
5,Ravi,Male,21,Delhi,102
6,Simran,Female,22,Noida,104
7,Arjun,Male,24,Delhi,101
8,Pooja,Female,20,Gurgaon,105
9,Karan,Male,23,Noida,103
10,Anjali,Female,21,Delhi,104
11,Vikas,Male,25,Delhi,102
12,Sneha,Female,22,Noida,105
13,Mohit,Male,24,Gurgaon,101
14,Isha,Female,21,Delhi,104
15,Rohit,Male,23,Noida,103
16,Komal,Female,20,Delhi,105
17,Aditya,Male,22,Gurgaon,102
18,Nisha,Female,24,Noida,101
19,Varun,Male,21,Delhi,104
20,Meena,Female,23,Gurgaon,103
